timestamp,label,git_commit,cpu_freq_mhz,time_s,time_stddev_s,time_cv_pct,cycles,instructions,ipc,cache_miss_pct,branch_misses
20260226_164701,baseline,332dde62838d91d8b5216e9822de58851f2fd64f,2650.000,2.72043,0.00274,0.10,28881962623,91369226285,3.16,,75751540
20260226_164850,baseline,332dde62838d91d8b5216e9822de58851f2fd64f,2650.000,2.71741,0.00321,0.12,28832459771,91354820385,3.17,10.49,75444273
20260226_173732,332dde62,332dde62838d91d8b5216e9822de58851f2fd64f,2650.000,2.71527,0.00292,0.11,28827153991,91342199201,3.17,10.33,75029568
20260226_184505,simd-opt,332dde62838d91d8b5216e9822de58851f2fd64f,2650.000,2.710308,0.000510,0.02,28738515589,90421415262,3.15,10.42,75941151
20260226_194426,alloc-opt,332dde62838d91d8b5216e9822de58851f2fd64f,2650.000,2.70077,0.00177,0.07,28700996113,90411900036,3.15,10.37,75297004
20260226_212120,algo-opt,332dde62838d91d8b5216e9822de58851f2fd64f,2650.000,2.69919,0.00301,0.11,28652543209,90409983979,3.16,9.68,75232659
20260226_221204,cache-opt,332dde62838d91d8b5216e9822de58851f2fd64f,2650.000,2.69658,0.00253,0.09,28652260453,90457103783,3.16,10.61,74994873
20260226_230516,sec5-sec6-combined,332dde62838d91d8b5216e9822de58851f2fd64f,2650.000,2.69376,0.00196,0.07,28647252027,90452362161,3.16,10.62,75149343
20260227_021845,sec9,332dde62838d91d8b5216e9822de58851f2fd64f,2650.000,2.71167,0.00297,0.11,28823035965,90465654030,3.14,10.69,75569282
20260227_021941,sec7,332dde62838d91d8b5216e9822de58851f2fd64f,2650.000,2.61023,0.00275,0.11,27728870777,87816197784,3.17,10.61,75055939
20260227_022034,sec8,332dde62838d91d8b5216e9822de58851f2fd64f,2650.000,2.71434,0.00210,0.08,28851586056,90463664689,3.14,10.20,75754306
20260227_022130,sec7-sec8-sec9-combined,332dde62838d91d8b5216e9822de58851f2fd64f,2650.000,2.60657,0.00355,0.14,27676713675,87807076799,3.17,10.67,74502715
20260227_172155,sec10,332dde62838d91d8b5216e9822de58851f2fd64f,2650.000,2.60288,0.00283,0.11,27661967935,87833094183,3.18,10.13,75324838
20260227_172254,sec11-12,332dde62838d91d8b5216e9822de58851f2fd64f,2650.000,2.59822,0.00197,0.08,27605859669,87841944154,3.18,10.56,75611802
20260227_172348,sec10-sec11-sec12-combined,332dde62838d91d8b5216e9822de58851f2fd64f,2650.000,2.59605,0.00396,0.15,27615618225,87819861782,3.18,10.60,75252718
20260308_230653,baseline-master,332dde62838d91d8b5216e9822de58851f2fd64f,2650.000,2.68722,0.00251,0.09,28531116584,89349167496,3.13,11.36,72203745
20260308_230750,all-optimizations,332dde62838d91d8b5216e9822de58851f2fd64f,2650.000,2.68515,0.00218,0.08,28489684361,89331309309,3.14,10.51,71857797
20260308_230959,optimizations-with-lto,332dde62838d91d8b5216e9822de58851f2fd64f,2650.000,2.64734,0.00229,0.09,28123363063,88726219972,3.15,11.48,72379215
20260309_022309,baseline-new,43c7396728f11974b9888751cabf19e93c64c53e,3369.600,1.93237,0.00274,0.14,,,,,
20260309_024911,vif-hoist-fuse-adm-cm,43c7396728f11974b9888751cabf19e93c64c53e,3357.102,1.82336,0.00360,0.20,,,,,
20260309_031956,all-round2,43c7396728f11974b9888751cabf19e93c64c53e,2650.000,1.81701,0.00162,0.09,,,,,
20260309_032509,all-round2-lto,43c7396728f11974b9888751cabf19e93c64c53e,2650.000,1.81740,0.00153,0.08,,,,,
20260309_034427,all-round3,43c7396728f11974b9888751cabf19e93c64c53e,2650.000,1.74664,0.00365,0.21,,,,,
20260309_035448,all-round4,43c7396728f11974b9888751cabf19e93c64c53e,2650.000,1.70306,0.00213,0.13,,,,,
20260309_041957,vif-symtap-fuse-znver3,43c7396728f11974b9888751cabf19e93c64c53e,2650.000,1.54645,0.00161,0.10,,,,,
20260309_050812,baseline-round2,29c8b3790853001a7300e8bd84a0600d886dcf36,2879.238,1.55411,0.00105,0.07,,,,,
20260309_051737,horiz-symtap,29c8b3790853001a7300e8bd84a0600d886dcf36,2649.996,1.47115,0.00323,0.22,,,,,
20260309_053028,subsample-symtap-8t,29c8b3790853001a7300e8bd84a0600d886dcf36,2896.236,1.19033,0.00250,0.21,,,,,
20260309_053944,tiled-vif8,29c8b3790853001a7300e8bd84a0600d886dcf36,2906.031,1.206789,0.000829,0.07,,,,,
20260309_054653,vec-accum,29c8b3790853001a7300e8bd84a0600d886dcf36,2649.996,1.17178,0.00343,0.29,,,,,
20260309_060438,vif-sym-squared,29c8b3790853001a7300e8bd84a0600d886dcf36,3689.153,1.16435,0.00548,0.47,,,,,
20260309_061023,vif-hfilt-fix-sym16,29c8b3790853001a7300e8bd84a0600d886dcf36,2895.003,1.25766,0.00160,0.13,,,,,
20260309_061621,vif-restore-sym-hfilt,29c8b3790853001a7300e8bd84a0600d886dcf36,3598.923,1.17274,0.00345,0.29,,,,,
20260309_063838,adm-simd-cvt,29c8b3790853001a7300e8bd84a0600d886dcf36,2649.996,1.17583,0.00424,0.36,,,,,
20260309_070421,vif-madd-symtap,29c8b3790853001a7300e8bd84a0600d886dcf36,2878.143,1.12933,0.00371,0.33,,,,,
20260309_074955,vif-unroll-pragmas,29c8b3790853001a7300e8bd84a0600d886dcf36,3209.097,1.23174,0.00519,0.42,,,,,
20260309_075504,final-27pct,29c8b3790853001a7300e8bd84a0600d886dcf36,2880.891,1.12662,0.00221,0.20,,,,,
20260309_082520,baseline-round3,29c8b3790853001a7300e8bd84a0600d886dcf36,2649.996,1.12052,0.00399,0.36,,,,,
20260309_082638,O3-test,29c8b3790853001a7300e8bd84a0600d886dcf36,2649.996,1.11914,0.00259,0.23,,,,,
20260309_082821,4threads-test,29c8b3790853001a7300e8bd84a0600d886dcf36,2649.996,1.35989,0.00342,0.25,,,,,
20260309_084509,pgo-O3,29c8b3790853001a7300e8bd84a0600d886dcf36,3075.259,1.14218,0.00434,0.38,,,,,
20260309_090802,fma-veclog2-dwtfuse,29c8b3790853001a7300e8bd84a0600d886dcf36,2649.996,1.09287,0.00163,0.15,,,,,
